id,sensor_id,voltaje,fecha
73.0,99.0,12.63,2026-01-29
38.0,5.0,768.54,
763.0,1.0,,2026-02-08
,2.0,185.08,2026-01-05
271.0,1.0,98.52,2026-02-28
181.0,2.0,,2026-02-06
725.0,,948.72,2026-01-13
761.0,2.0,370.05,
902.0,3.0,863.12,
624.0,2.0,832.37,
608.0,4.0,,2026-01-04
,1.0,726.67,2026-02-02
,2.0,690.2,2026-01-17
,5.0,788.94,2026-01-10
,3.0,948.81,2026-02-16
139.0,4.0,292.5,2026-01-16
748.0,2.0,error,2026-02-13
371.0,2.0,343.96,
102.0,100.0,663.32,2026-01-14
623.0,2.0,201.71,
252.0,,319.26,2026-01-02
697.0,1.0,,2026-01-26
970.0,1.0,681.08,2026-01-31
809.0,4.0,513.03,
778.0,99.0,86.85,2026-02-26
769.0,5.0,error,2026-03-01
678.0,1.0,368.97,
,3.0,857.81,2026-02-05
,1.0,734.35,2026-01-30
109.0,4.0,624.79,2026-01-25
16.0,100.0,607.57,2026-01-25
,5.0,408.12,2026-01-30
243.0,4.0,933.83,2026-02-24
,1.0,456.04,2026-02-02
366.0,5.0,399.98,
193.0,1.0,-5.0,2026-01-28
344.0,5.0,,2026-01-31
,2.0,341.6,2026-01-18
,5.0,130.72,2026-02-02
,4.0,371.09,2026-02-08
87.0,5.0,682.31,
256.0,100.0,162.03,2026-01-27
841.0,99.0,453.31,2026-01-25
800.0,2.0,84.83,2026-01-19
318.0,5.0,196.39,2026-02-17
259.0,2.0,,2026-01-30
843.0,3.0,error,2026-01-17
78.0,5.0,829.4,
92.0,1.0,error,2026-01-20
604.0,1.0,397.65,2026-01-25
910.0,4.0,928.84,2026-02-07
,2.0,401.79,2026-01-15
502.0,3.0,error,2026-01-25
369.0,99.0,727.79,2026-01-13
125.0,1.0,,2026-01-25
,1.0,568.49,2026-02-16
631.0,99.0,471.28,2026-02-04
926.0,5.0,47.8,
476.0,,83.27,2026-01-04
589.0,4.0,,2026-02-05
15.0,4.0,667.25,
249.0,5.0,291.52,2026-02-13
618.0,1.0,552.8,2026-01-11
,4.0,171.27,2026-01-29
,2.0,532.38,2026-02-12
880.0,,454.15,2026-01-16
473.0,3.0,256.08,2026-01-25
617.0,1.0,,2026-01-24
111.0,,841.59,2026-01-11
160.0,4.0,523.8,2026-02-20
796.0,3.0,-5.0,2026-02-16
623.0,3.0,168.1,
857.0,1.0,908.94,
754.0,3.0,925.24,2026-02-10
122.0,5.0,-5.0,2026-01-20
201.0,3.0,767.72,2026-02-22
,1.0,208.74,2026-02-28
,5.0,540.6,2026-01-18
812.0,1.0,516.61,
647.0,4.0,949.73,2026-02-13
780.0,100.0,885.66,2026-01-28
8.0,4.0,-5.0,2026-02-24
712.0,2.0,414.65,
252.0,4.0,580.62,2026-02-25
527.0,1.0,266.16,
125.0,5.0,,2026-02-17
79.0,100.0,756.96,2026-01-06
674.0,2.0,17.7,
537.0,3.0,,2026-02-15
,3.0,196.61,2026-02-03
,5.0,964.12,2026-02-03
679.0,1.0,571.7,
919.0,3.0,error,2026-01-24
,1.0,204.43,2026-02-04
758.0,2.0,-5.0,2026-02-25
846.0,3.0,628.18,
989.0,,208.35,2026-02-26
,1.0,912.19,2026-02-28
808.0,3.0,763.37,2026-01-06
334.0,1.0,990.19,2026-02-09
552.0,,239.19,2026-02-25
688.0,3.0,error,2026-02-11
187.0,3.0,161.68,
176.0,3.0,error,2026-03-01
738.0,2.0,426.56,
828.0,,324.21,2026-02-21
793.0,2.0,78.81,
,1.0,250.28,2026-02-26
,2.0,106.92,2026-02-05
26.0,5.0,-5.0,2026-02-07
815.0,1.0,207.29,2026-02-03
963.0,2.0,386.7,
384.0,2.0,661.42,2026-01-21
,4.0,336.36,2026-01-20
,2.0,823.67,2026-02-21
276.0,1.0,420.48,2026-01-14
856.0,4.0,,2026-02-26
430.0,100.0,549.66,2026-02-14
782.0,1.0,735.27,
,5.0,695.73,2026-02-06
,5.0,294.86,2026-02-19
7.0,5.0,,2026-02-02
671.0,2.0,254.16,
,3.0,934.53,2026-01-18
136.0,4.0,853.25,
131.0,2.0,398.79,2026-01-19
435.0,,878.29,2026-02-08
268.0,99.0,630.12,2026-02-26
842.0,,798.06,2026-03-02
663.0,1.0,error,2026-02-19
313.0,2.0,854.74,
636.0,2.0,686.63,2026-01-23
169.0,1.0,,2026-01-06
731.0,,377.45,2026-01-12
,1.0,993.58,2026-02-09
263.0,1.0,-5.0,2026-02-16
943.0,5.0,688.57,
265.0,3.0,-5.0,2026-02-21
569.0,1.0,480.29,2026-01-21
199.0,99.0,220.92,2026-02-03
240.0,2.0,307.33,
968.0,2.0,287.29,
185.0,3.0,285.32,2026-01-28
269.0,1.0,966.14,2026-02-18
216.0,1.0,,2026-01-14
,4.0,900.07,2026-01-26
,3.0,288.57,2026-02-25
738.0,3.0,866.02,2026-02-22
599.0,3.0,70.11,
571.0,100.0,153.85,2026-01-13
333.0,1.0,964.14,
869.0,1.0,,2026-02-10
358.0,3.0,557.54,2026-03-02
449.0,100.0,966.81,2026-01-24
,1.0,412.11,2026-01-03
957.0,3.0,,2026-02-13
92.0,1.0,error,2026-02-11
176.0,5.0,566.25,
242.0,4.0,,2026-02-19
,4.0,812.31,2026-02-16
17.0,5.0,966.52,2026-01-23
1.0,5.0,,2026-01-10
,2.0,220.56,2026-01-22
,1.0,137.58,2026-02-04
700.0,5.0,26.84,
,5.0,987.31,2026-01-29
246.0,1.0,-5.0,2026-01-03
698.0,100.0,883.47,2026-02-06
461.0,,363.63,2026-01-28
,1.0,765.88,2026-01-27
643.0,5.0,526.93,2026-01-09
,3.0,558.22,2026-01-14
554.0,4.0,136.18,
56.0,100.0,425.31,2026-01-04
,1.0,897.04,2026-02-18
336.0,2.0,error,2026-03-02
772.0,99.0,319.7,2026-01-02
148.0,1.0,541.71,2026-01-21
686.0,,88.4,2026-01-13
385.0,3.0,368.64,
249.0,1.0,711.8,
907.0,5.0,177.25,
590.0,2.0,error,2026-02-07
658.0,5.0,296.3,
,1.0,797.95,2026-02-02
281.0,2.0,error,2026-02-21
429.0,5.0,908.77,
16.0,2.0,254.91,
,2.0,197.99,2026-01-31
942.0,1.0,700.17,2026-01-01
701.0,4.0,339.33,
568.0,1.0,747.56,
857.0,3.0,17.69,
859.0,4.0,error,2026-02-23
485.0,,860.37,2026-02-09
487.0,100.0,702.96,2026-02-02
174.0,99.0,661.84,2026-02-03
,2.0,838.37,2026-01-26
955.0,5.0,495.22,
905.0,1.0,60.47,2026-02-23
394.0,1.0,769.65,
867.0,3.0,,2026-01-16
409.0,1.0,,2026-03-02
,3.0,974.4,2026-02-09
443.0,5.0,198.09,
,1.0,946.1,2026-01-31
673.0,,96.37,2026-01-25
890.0,2.0,256.66,
472.0,100.0,697.69,2026-02-18
695.0,3.0,-5.0,2026-02-17
171.0,100.0,998.04,2026-01-12
846.0,3.0,9.22,2026-01-27
315.0,100.0,393.2,2026-02-03
227.0,4.0,,2026-02-07
82.0,2.0,error,2026-01-12
988.0,2.0,982.49,2026-01-05
708.0,4.0,-5.0,2026-02-27
617.0,99.0,314.31,2026-01-03
711.0,2.0,368.86,
509.0,100.0,871.69,2026-01-24
505.0,4.0,error,2026-01-31
263.0,1.0,,2026-02-19
92.0,3.0,,2026-01-04
41.0,5.0,333.65,2026-02-17
533.0,,361.64,2026-02-13
19.0,,651.38,2026-01-19
911.0,2.0,894.36,2026-02-06
105.0,4.0,794.08,
,3.0,139.68,2026-01-10
849.0,5.0,-5.0,2026-01-10
848.0,5.0,48.91,
649.0,5.0,168.11,
837.0,99.0,616.67,2026-01-14
63.0,2.0,0.83,
227.0,,347.41,2026-01-10
,3.0,336.1,2026-01-25
433.0,100.0,18.21,2026-02-21
640.0,1.0,,2026-02-19
19.0,100.0,963.14,2026-02-12
594.0,99.0,891.74,2026-02-21
22.0,2.0,291.51,
957.0,,188.0,2026-02-21
155.0,1.0,86.11,2026-02-04
867.0,4.0,293.63,
35.0,5.0,,2026-01-02
429.0,5.0,error,2026-01-18
986.0,5.0,709.11,
319.0,5.0,error,2026-02-06
248.0,1.0,912.85,
635.0,4.0,497.87,
922.0,5.0,597.65,
850.0,1.0,770.29,
483.0,3.0,,2026-02-17
603.0,4.0,501.08,2026-01-02
619.0,3.0,,2026-02-04
,4.0,854.8,2026-02-28
221.0,4.0,209.28,2026-02-21
619.0,100.0,485.17,2026-02-25
756.0,3.0,-5.0,2026-02-03
,1.0,677.3,2026-02-08
837.0,,334.18,2026-01-17
976.0,3.0,-5.0,2026-01-15
363.0,4.0,-5.0,2026-01-28
,3.0,801.43,2026-02-15
801.0,5.0,,2026-01-21
701.0,99.0,899.6,2026-02-11
407.0,2.0,830.73,
,3.0,8.19,2026-02-26
997.0,1.0,67.39,
681.0,100.0,539.41,2026-01-12
618.0,1.0,835.68,
681.0,1.0,962.42,2026-01-16
271.0,,694.53,2026-01-03
40.0,1.0,-5.0,2026-01-18
940.0,3.0,34.03,
,2.0,770.55,2026-02-20
881.0,3.0,-5.0,2026-02-24
409.0,100.0,265.45,2026-01-19
46.0,100.0,865.36,2026-02-12
759.0,5.0,984.55,2026-02-17
54.0,1.0,-5.0,2026-01-03
890.0,4.0,151.81,
633.0,4.0,33.57,
943.0,4.0,331.87,2026-01-20
272.0,1.0,416.15,2026-01-17
960.0,,932.99,2026-01-23
,5.0,610.44,2026-02-02
119.0,99.0,491.65,2026-01-16
464.0,5.0,239.1,
,4.0,627.83,2026-01-10
9.0,2.0,329.27,
684.0,1.0,420.94,
457.0,1.0,490.31,2026-01-16
797.0,5.0,61.69,2026-02-09
462.0,1.0,,2026-01-23
55.0,4.0,885.74,2026-02-06
734.0,2.0,103.02,2026-01-13
233.0,1.0,196.83,
490.0,100.0,492.28,2026-01-30
,3.0,448.61,2026-01-05
626.0,1.0,358.53,2026-01-06
,1.0,323.82,2026-01-26
512.0,3.0,946.04,
,4.0,886.73,2026-01-21
370.0,4.0,648.09,
167.0,1.0,957.82,
82.0,5.0,-5.0,2026-01-12
337.0,2.0,713.52,
430.0,4.0,849.3,
221.0,5.0,-5.0,2026-01-20
289.0,5.0,error,2026-01-23
950.0,3.0,527.1,2026-01-18
,1.0,606.92,2026-02-02
828.0,4.0,,2026-02-22
731.0,1.0,33.59,2026-02-26
109.0,5.0,,2026-01-20
713.0,2.0,-5.0,2026-01-24
194.0,5.0,631.68,2026-02-01
,4.0,884.22,2026-02-26
258.0,4.0,362.19,2026-02-26
,1.0,328.39,2026-02-18
966.0,3.0,error,2026-02-09
169.0,4.0,507.91,
648.0,4.0,-5.0,2026-01-08
827.0,99.0,543.17,2026-02-24
538.0,5.0,608.38,2026-01-19
222.0,4.0,error,2026-02-25
,2.0,142.56,2026-02-19
720.0,2.0,470.79,
995.0,5.0,760.74,2026-02-04
,3.0,84.27,2026-02-11
738.0,1.0,295.47,2026-02-14
288.0,100.0,669.48,2026-01-10
,5.0,418.03,2026-01-01
392.0,1.0,282.41,
946.0,99.0,243.31,2026-02-24
,5.0,345.17,2026-02-02
155.0,3.0,871.05,
787.0,3.0,923.24,
239.0,3.0,286.51,
640.0,1.0,592.01,2026-01-03
802.0,2.0,error,2026-01-10
319.0,4.0,572.85,2026-01-09
162.0,1.0,696.66,2026-01-29
667.0,,532.98,2026-01-22
933.0,,88.78,2026-02-14
,4.0,826.86,2026-01-18
,2.0,472.0,2026-01-29
921.0,1.0,987.56,2026-02-16
,3.0,901.7,2026-01-22
,2.0,877.01,2026-01-02
162.0,4.0,29.85,2026-01-30
748.0,2.0,414.1,
706.0,,272.42,2026-01-15
558.0,2.0,498.14,2026-02-24
300.0,5.0,52.02,
,1.0,427.14,2026-01-17
,3.0,207.97,2026-02-10
647.0,4.0,665.35,
592.0,99.0,894.93,2026-02-11
204.0,99.0,623.07,2026-01-03
659.0,5.0,628.69,
35.0,,127.95,2026-01-11
993.0,3.0,129.05,2026-01-11
,1.0,461.7,2026-02-03
122.0,4.0,970.74,2026-01-12
99.0,2.0,482.8,
948.0,4.0,609.89,
344.0,4.0,343.63,
988.0,4.0,error,2026-02-14
32.0,100.0,593.02,2026-01-23
,2.0,149.18,2026-02-13
864.0,1.0,-5.0,2026-02-01
690.0,1.0,941.85,2026-01-07
,3.0,646.9,2026-02-21
471.0,2.0,-5.0,2026-02-20
947.0,5.0,355.48,
281.0,1.0,913.92,
391.0,,860.52,2026-01-16
846.0,1.0,654.73,
977.0,4.0,562.01,2026-02-25
379.0,3.0,-5.0,2026-01-12
244.0,4.0,287.82,
678.0,100.0,951.37,2026-01-05
284.0,1.0,25.83,2026-02-19
14.0,2.0,101.54,
767.0,1.0,,2026-02-19
835.0,1.0,542.74,2026-02-18
,5.0,247.82,2026-01-27
368.0,2.0,94.22,
,3.0,770.22,2026-02-07
,1.0,283.43,2026-02-16
39.0,99.0,435.85,2026-01-27
381.0,99.0,257.43,2026-02-05
929.0,99.0,570.81,2026-01-20
607.0,4.0,617.06,2026-01-19
9.0,4.0,947.04,
500.0,,10.69,2026-02-04
,2.0,957.97,2026-01-29
961.0,1.0,499.95,
309.0,5.0,388.63,2026-02-17
856.0,3.0,172.16,2026-02-07
394.0,3.0,-5.0,2026-02-28
181.0,1.0,,2026-03-01
261.0,100.0,828.39,2026-02-01
984.0,5.0,902.25,2026-02-04
730.0,5.0,464.27,
347.0,5.0,123.6,2026-01-29
240.0,3.0,731.38,
623.0,4.0,287.06,
,1.0,826.0,2026-02-05
618.0,1.0,101.39,
,3.0,90.76,2026-02-05
570.0,3.0,945.59,
743.0,4.0,685.13,
301.0,99.0,38.55,2026-01-30
386.0,100.0,486.19,2026-02-09
573.0,4.0,error,2026-02-09
503.0,99.0,883.93,2026-01-25
,1.0,635.9,2026-01-08
754.0,4.0,error,2026-02-26
609.0,1.0,,2026-01-31
565.0,3.0,,2026-01-30
671.0,100.0,755.04,2026-01-11
,1.0,537.62,2026-02-21
314.0,100.0,368.52,2026-01-02
,5.0,457.33,2026-02-21
991.0,1.0,860.05,2026-01-07
563.0,2.0,461.44,2026-02-13
612.0,1.0,377.94,2026-02-03
161.0,99.0,978.38,2026-02-16
785.0,99.0,513.16,2026-01-14
205.0,,200.07,2026-01-10
897.0,,759.15,2026-01-14
628.0,2.0,128.02,
,4.0,755.39,2026-02-23
302.0,5.0,954.54,2026-02-07
,5.0,844.56,2026-02-02
557.0,3.0,488.93,
324.0,2.0,77.13,
,1.0,908.8,2026-02-06
27.0,5.0,error,2026-01-12
,3.0,2.03,2026-02-24
597.0,2.0,675.53,
112.0,5.0,825.97,
455.0,3.0,688.82,
262.0,1.0,error,2026-02-09
953.0,5.0,333.42,
817.0,1.0,248.97,2026-02-15
911.0,4.0,,2026-03-01
120.0,5.0,error,2026-03-01
158.0,4.0,845.48,2026-01-26
39.0,4.0,error,2026-02-04
478.0,1.0,,2026-01-25
842.0,100.0,492.63,2026-02-13
282.0,4.0,336.91,
701.0,2.0,810.74,
,5.0,662.94,2026-01-17
305.0,2.0,403.69,
786.0,100.0,490.53,2026-02-18
97.0,4.0,,2026-01-23
249.0,3.0,818.21,2026-01-04
,5.0,807.18,2026-01-17
843.0,2.0,301.71,2026-01-12
,2.0,233.2,2026-01-20
,2.0,683.64,2026-02-08
,5.0,924.29,2026-02-10
,3.0,296.15,2026-01-22
560.0,4.0,479.69,2026-02-20
579.0,1.0,999.62,
573.0,1.0,,2026-02-03
,2.0,956.52,2026-02-24
248.0,100.0,114.08,2026-03-01
419.0,5.0,843.63,
633.0,5.0,,2026-02-11
706.0,1.0,-5.0,2026-02-06
898.0,3.0,506.69,
62.0,4.0,-5.0,2026-01-15
,4.0,872.62,2026-02-12
501.0,4.0,error,2026-02-25
672.0,1.0,633.51,2026-01-04
559.0,99.0,151.32,2026-02-13
460.0,2.0,930.24,2026-01-22
555.0,99.0,169.76,2026-01-26
767.0,2.0,644.53,2026-01-08
,1.0,515.63,2026-01-28
894.0,5.0,786.99,2026-02-17
241.0,2.0,317.2,2026-01-26
946.0,4.0,-5.0,2026-02-13
622.0,4.0,error,2026-01-21
790.0,,683.32,2026-02-23
,1.0,633.94,2026-01-09
,5.0,674.49,2026-02-07
129.0,2.0,546.31,
533.0,5.0,377.51,
123.0,1.0,-5.0,2026-01-06
981.0,99.0,966.44,2026-01-27
247.0,5.0,-5.0,2026-02-22
980.0,1.0,973.92,2026-01-18
309.0,1.0,506.25,
695.0,1.0,418.32,2026-01-30
849.0,1.0,99.03,
627.0,4.0,583.28,
685.0,2.0,151.29,
,1.0,825.64,2026-02-04
485.0,5.0,994.8,2026-01-07
475.0,100.0,138.05,2026-02-12
317.0,99.0,520.91,2026-01-08
473.0,1.0,942.87,2026-01-17
966.0,3.0,error,2026-02-02
1000.0,1.0,-5.0,2026-01-12
597.0,3.0,272.0,2026-01-13
840.0,99.0,396.2,2026-01-02
417.0,3.0,,2026-01-21
834.0,,128.97,2026-02-09
4.0,2.0,656.74,2026-01-23
18.0,1.0,419.7,2026-01-16
518.0,99.0,745.21,2026-03-02
466.0,100.0,95.37,2026-02-15
927.0,2.0,638.02,2026-01-14
243.0,99.0,482.9,2026-01-14
706.0,1.0,682.76,
671.0,1.0,900.99,2026-01-16
,1.0,669.6,2026-02-22
647.0,1.0,error,2026-02-27
173.0,5.0,202.91,2026-01-26
,3.0,938.37,2026-01-03
401.0,99.0,22.31,2026-01-25
964.0,100.0,202.41,2026-01-28
653.0,1.0,-5.0,2026-02-17
103.0,100.0,810.77,2026-02-27
466.0,5.0,344.51,2026-01-18
334.0,,432.88,2026-02-19
72.0,4.0,430.95,
159.0,4.0,255.56,2026-01-11
461.0,1.0,953.42,2026-01-28
435.0,1.0,134.87,2026-02-01
187.0,100.0,167.26,2026-01-24
153.0,99.0,29.64,2026-01-12
,3.0,416.97,2026-01-12
272.0,,660.46,2026-02-05
355.0,99.0,36.16,2026-02-18
,4.0,357.17,2026-01-06
233.0,,933.23,2026-02-03
,3.0,339.57,2026-02-24
,4.0,186.6,2026-02-17
715.0,3.0,876.41,
986.0,4.0,175.26,2026-02-02
908.0,4.0,112.82,
,4.0,844.23,2026-02-10
596.0,5.0,563.71,
,2.0,619.48,2026-01-11
265.0,1.0,653.33,2026-01-04
260.0,5.0,330.94,
,4.0,628.61,2026-02-18
768.0,1.0,719.63,2026-02-23
489.0,,466.1,2026-01-11
850.0,5.0,220.62,2026-01-21
822.0,100.0,93.88,2026-01-25
551.0,3.0,error,2026-02-24
63.0,4.0,404.45,2026-01-30
515.0,,369.66,2026-01-10
663.0,2.0,-5.0,2026-01-29
323.0,100.0,397.98,2026-01-07
642.0,3.0,676.87,
,1.0,964.5,2026-01-04
495.0,3.0,-5.0,2026-01-08
871.0,5.0,50.98,2026-02-25
435.0,99.0,842.5,2026-01-19
765.0,3.0,error,2026-02-23
692.0,3.0,572.1,2026-01-10
499.0,5.0,941.44,2026-02-25
462.0,100.0,756.6,2026-01-27
597.0,1.0,175.41,
463.0,100.0,148.42,2026-02-25
910.0,3.0,154.51,2026-02-03
399.0,4.0,-5.0,2026-03-01
652.0,3.0,302.85,2026-02-21
392.0,2.0,912.66,2026-01-05
,1.0,621.25,2026-02-14
,2.0,275.77,2026-02-17
828.0,3.0,974.17,2026-02-17
,3.0,391.49,2026-01-11
729.0,99.0,952.45,2026-02-26
726.0,,888.22,2026-02-01
885.0,1.0,334.22,2026-02-19
256.0,99.0,551.25,2026-01-23
268.0,2.0,180.25,2026-01-23
14.0,4.0,-5.0,2026-02-15
678.0,100.0,130.94,2026-02-22
205.0,100.0,125.6,2026-01-24
916.0,5.0,870.99,
812.0,3.0,459.85,2026-01-20
488.0,100.0,643.66,2026-03-01
710.0,5.0,306.1,2026-02-12
,2.0,918.14,2026-01-02
390.0,4.0,error,2026-01-17
116.0,99.0,629.28,2026-02-15
964.0,4.0,641.81,
919.0,100.0,730.37,2026-02-16
,4.0,91.61,2026-01-15
126.0,,103.3,2026-02-02
,5.0,495.49,2026-01-11
204.0,99.0,517.79,2026-01-05
617.0,99.0,593.8,2026-01-06
,1.0,577.76,2026-02-16
413.0,5.0,746.91,2026-01-01
791.0,5.0,468.25,2026-03-01
604.0,3.0,564.8,2026-02-21
,5.0,785.42,2026-01-31
723.0,5.0,,2026-01-15
,5.0,792.94,2026-02-11
490.0,99.0,324.75,2026-01-27
,4.0,370.14,2026-02-28
419.0,99.0,520.52,2026-02-06
,2.0,476.01,2026-01-17
76.0,5.0,error,2026-01-27
424.0,100.0,40.91,2026-01-04
204.0,4.0,487.18,
6.0,5.0,424.87,
777.0,3.0,225.36,
139.0,1.0,392.15,
350.0,5.0,586.01,
,1.0,120.0,2026-01-04
755.0,3.0,333.68,
798.0,100.0,979.94,2026-02-24
145.0,1.0,715.42,
,1.0,762.99,2026-02-21
646.0,2.0,652.36,2026-01-11
77.0,100.0,733.0,2026-01-17
51.0,2.0,981.61,
901.0,4.0,462.92,
249.0,100.0,36.86,2026-01-18
,1.0,503.76,2026-01-21
425.0,3.0,486.73,2026-02-03
993.0,,831.31,2026-02-09
,2.0,241.74,2026-01-02
317.0,3.0,,2026-02-07
697.0,4.0,492.76,
862.0,,201.05,2026-02-21
659.0,4.0,914.34,
532.0,4.0,439.67,2026-03-01
213.0,5.0,719.92,2026-01-16
604.0,99.0,883.78,2026-02-09
535.0,3.0,365.78,2026-02-22
150.0,4.0,226.46,
87.0,3.0,14.84,2026-01-03
,1.0,535.61,2026-02-17
858.0,4.0,error,2026-01-24
206.0,5.0,,2026-01-18
809.0,1.0,829.61,2026-01-24
891.0,2.0,136.52,2026-02-10
850.0,3.0,-5.0,2026-02-24
805.0,,90.55,2026-01-29
614.0,3.0,600.61,2026-02-11
486.0,4.0,,2026-01-06
581.0,3.0,error,2026-02-03
756.0,4.0,-5.0,2026-01-21
318.0,5.0,error,2026-02-12
259.0,,421.13,2026-02-07
504.0,3.0,740.36,2026-02-06
454.0,2.0,481.97,
218.0,99.0,242.32,2026-01-22
810.0,100.0,580.48,2026-01-02
494.0,99.0,445.43,2026-01-06
412.0,5.0,747.86,
,2.0,60.72,2026-02-18
985.0,,18.97,2026-02-19
330.0,100.0,62.8,2026-02-12
131.0,4.0,781.2,2026-01-24
40.0,100.0,708.41,2026-02-08
704.0,4.0,336.78,
207.0,4.0,27.86,2026-02-01
,1.0,475.32,2026-02-11
880.0,4.0,39.2,2026-01-29
940.0,3.0,-5.0,2026-01-11
631.0,3.0,198.39,2026-02-04
826.0,3.0,688.43,2026-02-20
487.0,3.0,444.48,2026-02-28
,3.0,382.76,2026-01-27
75.0,99.0,410.56,2026-02-01
524.0,4.0,-5.0,2026-02-18
356.0,4.0,750.96,
,3.0,98.34,2026-01-25
969.0,2.0,488.16,
234.0,3.0,-5.0,2026-01-11
644.0,4.0,-5.0,2026-01-15
822.0,,997.6,2026-01-24
420.0,2.0,,2026-02-09
274.0,99.0,127.3,2026-01-17
687.0,2.0,790.18,2026-01-24
727.0,4.0,error,2026-01-25
796.0,5.0,601.57,
488.0,3.0,858.74,
628.0,2.0,329.52,2026-03-01
531.0,3.0,668.4,2026-02-17
582.0,99.0,78.29,2026-01-26
266.0,99.0,59.87,2026-02-27
693.0,2.0,-5.0,2026-02-27
970.0,3.0,521.16,2026-01-16
229.0,3.0,,2026-02-24
,4.0,535.1,2026-01-30
58.0,5.0,919.43,2026-02-04
160.0,3.0,636.35,
,2.0,973.5,2026-02-19
173.0,4.0,516.62,
,5.0,461.33,2026-02-23
383.0,1.0,108.02,2026-01-16
399.0,2.0,707.44,2026-01-30
,5.0,659.6,2026-01-29
555.0,3.0,472.6,2026-01-27
611.0,1.0,error,2026-01-10
904.0,4.0,660.41,
,5.0,301.23,2026-02-24
530.0,2.0,error,2026-01-04
329.0,100.0,665.89,2026-01-24
,2.0,628.3,2026-01-25
102.0,2.0,970.9,2026-01-15
158.0,4.0,219.14,2026-02-02
549.0,99.0,25.62,2026-01-17
569.0,4.0,,2026-02-28
534.0,3.0,error,2026-02-12
150.0,,946.22,2026-01-27
625.0,4.0,44.43,2026-01-07
,3.0,835.45,2026-01-12
106.0,1.0,453.79,
,3.0,899.81,2026-02-03
62.0,99.0,216.56,2026-01-07
,3.0,443.93,2026-02-19
16.0,2.0,380.52,
325.0,100.0,270.86,2026-02-14
,1.0,19.58,2026-02-24
889.0,,780.38,2026-02-14
618.0,5.0,,2026-01-17
,5.0,468.41,2026-02-20
566.0,3.0,503.38,2026-01-16
825.0,99.0,768.82,2026-02-18
,3.0,822.88,2026-02-23
110.0,4.0,,2026-01-13
998.0,5.0,-5.0,2026-01-16
341.0,2.0,834.5,
,1.0,474.76,2026-02-22
636.0,5.0,883.33,
593.0,4.0,-5.0,2026-02-23
72.0,99.0,300.75,2026-02-22
416.0,4.0,,2026-02-05
590.0,3.0,-5.0,2026-01-21
541.0,99.0,852.6,2026-02-22
543.0,3.0,240.39,
102.0,99.0,737.34,2026-02-13
42.0,2.0,911.27,2026-03-01
318.0,1.0,error,2026-02-26
414.0,1.0,641.7,2026-02-19
736.0,2.0,71.91,
248.0,99.0,280.77,2026-01-07
294.0,100.0,235.17,2026-01-04
,3.0,613.33,2026-02-01
,3.0,185.63,2026-01-30
,3.0,865.19,2026-02-15
481.0,99.0,733.35,2026-01-27
964.0,5.0,237.98,2026-01-23
286.0,99.0,530.52,2026-02-12
264.0,,147.64,2026-02-04
,2.0,812.57,2026-02-06
106.0,2.0,882.59,
839.0,5.0,467.75,2026-02-12
,2.0,832.7,2026-01-01
,2.0,751.84,2026-02-13
39.0,1.0,,2026-01-03
,1.0,255.85,2026-02-20
624.0,2.0,error,2026-01-26
274.0,5.0,814.94,2026-02-24
,4.0,567.04,2026-01-06
340.0,2.0,85.48,
130.0,2.0,919.47,
,5.0,712.86,2026-01-07
745.0,2.0,611.75,
23.0,100.0,745.63,2026-01-20
244.0,4.0,-5.0,2026-01-01
307.0,100.0,758.16,2026-01-29
752.0,99.0,356.63,2026-02-28
,5.0,770.77,2026-01-25
164.0,2.0,913.16,
343.0,1.0,-5.0,2026-02-01
733.0,5.0,,2026-01-12
949.0,1.0,963.37,2026-02-18
205.0,4.0,,2026-02-20
23.0,100.0,198.73,2026-02-22
,1.0,881.4,2026-03-02
,2.0,302.35,2026-02-21
5.0,4.0,error,2026-01-13
182.0,1.0,876.69,2026-02-05
3.0,99.0,350.33,2026-02-22
371.0,99.0,935.97,2026-02-23
,2.0,54.78,2026-02-09
37.0,2.0,901.44,2026-02-13
415.0,1.0,-5.0,2026-01-28
140.0,5.0,,2026-02-23
464.0,1.0,921.0,
690.0,1.0,288.83,
390.0,99.0,521.69,2026-02-05
538.0,3.0,809.75,
,2.0,553.74,2026-01-01
986.0,5.0,528.52,
,5.0,375.61,2026-01-13
403.0,3.0,954.99,
993.0,,881.57,2026-02-07
983.0,5.0,94.56,
,3.0,692.75,2026-01-18
827.0,2.0,710.69,
278.0,3.0,465.54,2026-01-31
416.0,1.0,228.99,
,5.0,485.3,2026-01-04
844.0,3.0,-5.0,2026-01-18
950.0,2.0,error,2026-01-14
207.0,4.0,835.7,2026-01-21
106.0,2.0,,2026-02-16
,4.0,810.88,2026-02-21
925.0,4.0,439.35,
504.0,4.0,,2026-02-07
512.0,99.0,499.13,2026-01-21
400.0,1.0,653.25,2026-01-29
876.0,1.0,-5.0,2026-02-06
733.0,5.0,error,2026-01-16
116.0,,888.95,2026-01-16
81.0,3.0,597.84,2026-01-04
808.0,100.0,450.29,2026-02-24
206.0,2.0,20.03,2026-02-23
486.0,100.0,895.27,2026-02-23
400.0,5.0,263.39,2026-01-18
766.0,100.0,293.66,2026-02-12
,1.0,602.97,2026-01-08
,2.0,546.45,2026-01-19
465.0,5.0,-5.0,2026-01-10
295.0,1.0,273.67,2026-01-04
731.0,3.0,16.11,
227.0,1.0,450.21,
529.0,3.0,237.0,2026-01-17
400.0,100.0,669.56,2026-01-06
161.0,2.0,,2026-02-11
848.0,99.0,194.51,2026-01-29
221.0,99.0,264.68,2026-02-13
,2.0,996.63,2026-02-07
587.0,4.0,-5.0,2026-02-24
401.0,3.0,959.92,
,1.0,313.17,2026-02-15
861.0,4.0,,2026-01-22
742.0,2.0,23.91,2026-02-17
576.0,,762.11,2026-01-14
228.0,100.0,551.34,2026-01-11
779.0,5.0,-5.0,2026-01-07
128.0,3.0,,2026-01-16
,5.0,254.07,2026-01-04
260.0,2.0,-5.0,2026-01-19
624.0,3.0,-5.0,2026-01-20
323.0,100.0,521.87,2026-02-09
626.0,1.0,error,2026-01-23
113.0,1.0,375.45,2026-01-09
4.0,3.0,264.28,
175.0,2.0,559.05,
,2.0,485.87,2026-02-28
985.0,,373.26,2026-02-15
191.0,2.0,67.57,
,2.0,870.06,2026-02-09
881.0,1.0,-5.0,2026-01-07
,3.0,106.25,2026-02-26
797.0,5.0,error,2026-02-06
208.0,99.0,800.86,2026-01-01
360.0,100.0,215.37,2026-02-12
746.0,100.0,575.37,2026-02-24
903.0,,317.66,2026-01-27
,2.0,578.3,2026-01-24
268.0,4.0,614.93,2026-01-15
819.0,5.0,-5.0,2026-01-31
,1.0,706.26,2026-01-05
415.0,3.0,920.18,
313.0,5.0,429.86,
349.0,4.0,699.96,2026-02-03
829.0,4.0,123.37,2026-02-21
602.0,5.0,79.18,2026-01-08
77.0,2.0,467.26,
565.0,,608.44,2026-01-23
965.0,2.0,514.5,
351.0,100.0,305.55,2026-02-22
790.0,4.0,,2026-01-29
811.0,2.0,948.51,2026-02-10
681.0,99.0,230.67,2026-02-12
596.0,5.0,error,2026-02-04
,3.0,497.32,2026-02-16
,4.0,236.21,2026-02-15
260.0,4.0,421.71,
,5.0,305.17,2026-01-23
,1.0,284.6,2026-01-19
599.0,1.0,765.8,2026-02-16
300.0,99.0,935.39,2026-01-24
734.0,5.0,676.89,2026-02-26
660.0,4.0,,2026-01-30
427.0,4.0,108.69,2026-01-23
303.0,3.0,,2026-01-22
665.0,5.0,-5.0,2026-02-26
457.0,2.0,488.03,2026-02-18
642.0,1.0,972.6,
48.0,3.0,917.05,2026-02-05
525.0,,942.79,2026-01-31
431.0,4.0,313.66,
594.0,4.0,569.95,2026-02-10
158.0,2.0,-5.0,2026-03-01
5.0,100.0,567.25,2026-02-03
853.0,100.0,508.53,2026-01-27
787.0,2.0,835.44,
592.0,1.0,225.16,
,4.0,530.03,2026-01-24
235.0,3.0,81.58,2026-03-02
407.0,1.0,574.57,
301.0,3.0,-5.0,2026-02-18
803.0,99.0,601.88,2026-02-04
,1.0,268.92,2026-01-02
,1.0,928.52,2026-01-03
179.0,2.0,129.06,
62.0,3.0,55.4,
163.0,2.0,485.1,2026-01-09
698.0,3.0,,2026-01-05
951.0,4.0,683.19,
,4.0,316.51,2026-01-18
319.0,2.0,658.42,2026-01-30
,2.0,803.75,2026-01-16
,2.0,678.88,2026-01-24
336.0,,247.75,2026-02-24
,5.0,489.06,2026-01-31
617.0,4.0,500.78,
,4.0,31.25,2026-02-06
,4.0,105.24,2026-01-27
213.0,3.0,-5.0,2026-02-20
596.0,100.0,475.18,2026-02-02
,5.0,510.68,2026-01-04
,1.0,629.02,2026-02-08
914.0,3.0,101.54,2026-01-15
599.0,99.0,753.14,2026-02-03
957.0,2.0,-5.0,2026-01-17
657.0,3.0,445.94,
555.0,99.0,936.05,2026-02-16
763.0,5.0,434.99,
,2.0,994.24,2026-01-21
,2.0,376.95,2026-02-19
,4.0,374.74,2026-02-11
392.0,100.0,44.06,2026-02-17
963.0,1.0,error,2026-01-03
739.0,100.0,307.12,2026-02-18
,1.0,22.55,2026-02-26
464.0,1.0,error,2026-01-19
398.0,2.0,error,2026-01-27
568.0,100.0,814.3,2026-01-29
839.0,1.0,990.57,
,2.0,612.19,2026-02-23
666.0,3.0,-5.0,2026-02-11
116.0,3.0,757.29,2026-03-01
176.0,3.0,999.83,
621.0,4.0,396.42,2026-02-08
539.0,99.0,126.14,2026-02-14
842.0,3.0,597.32,2026-03-01
527.0,99.0,895.43,2026-02-16
257.0,2.0,error,2026-01-16
,5.0,356.05,2026-02-13
,5.0,679.69,2026-01-14
604.0,99.0,622.41,2026-03-01
815.0,1.0,849.23,2026-02-26
999.0,3.0,329.75,2026-02-06
567.0,2.0,,2026-01-14
93.0,2.0,201.31,
674.0,99.0,851.58,2026-01-01
101.0,4.0,error,2026-01-01
300.0,100.0,798.95,2026-02-06
,3.0,957.26,2026-02-09
859.0,1.0,870.03,
130.0,99.0,792.27,2026-02-02
,1.0,571.33,2026-01-30
817.0,,152.39,2026-01-01
,3.0,715.22,2026-01-15
,3.0,859.21,2026-01-14
337.0,1.0,402.88,2026-02-09
7.0,4.0,270.17,2026-02-06
513.0,5.0,,2026-01-16
167.0,5.0,454.93,
626.0,3.0,796.85,
,2.0,853.49,2026-01-12
3.0,1.0,892.02,2026-01-06
293.0,5.0,165.62,
193.0,5.0,914.71,
752.0,4.0,477.58,2026-01-01
656.0,4.0,32.84,2026-01-15
,4.0,414.19,2026-02-23
48.0,5.0,error,2026-02-21
691.0,4.0,error,2026-01-18
227.0,99.0,664.84,2026-02-22
372.0,4.0,482.89,2026-01-01
761.0,4.0,error,2026-01-19
823.0,4.0,error,2026-02-01
661.0,3.0,816.24,
,3.0,423.41,2026-01-14
558.0,,478.34,2026-03-02
